game_id,action_id,action_number,period,clock_seconds,team_id,player_id,action_type,sub_type,description,is_field_goal,shot_result,shot_value,shot_distance,x,y,home_score,away_score
0022300001,1,2,1,720.0,,,period,start,Start of 1st Period (7:11 PM EST),f,,,,,,0,0
0022300001,2,4,1,720.0,1610612754,1626167,Jump Ball,,Jump Ball Turner vs. Allen: Tip to Toppin,f,,,,,,,
0022300001,3,7,1,701.0,1610612754,1626167,Made Shot,Cutting Dunk Shot,Turner 2' Cutting Dunk Shot (2 PTS) (Haliburton 1 AST),t,Made,2,2.0,2.0,21.0,2,0
0022300001,4,9,1,683.0,1610612739,1630596,Missed Shot,Turnaround Jump Shot,MISS Mobley 8' Turnaround Jump Shot,t,Missed,2,8.0,59.0,53.0,,
0022300001,5,10,1,680.0,1610612754,1626167,Rebound,Unknown,Turner REBOUND (Off:0 Def:1),f,,,,,,,
0022300001,6,11,1,675.0,1610612754,1628971,Missed Shot,Running Layup Shot,MISS Brown 2' Running Layup,t,Missed,2,2.0,13.0,18.0,,
0022300001,7,12,1,672.0,1610612754,1628971,Rebound,Unknown,Brown REBOUND (Off:1 Def:0),f,,,,,,,
0022300001,8,13,1,669.0,1610612754,1631097,Made Shot,Jump Shot,Mathurin 28' 3PT Jump Shot (3 PTS) (Brown 1 AST),t,Made,3,28.0,151.0,237.0,5,0
0022300001,9,15,1,656.0,1610612739,1628378,Made Shot,Driving Dunk Shot,Mitchell 2' Driving Dunk (2 PTS) (Garland 1 AST),t,Made,2,2.0,-20.0,1.0,5,2
0022300001,10,16,1,643.0,1610612739,1629622,Foul,Personal,Strus P.FOUL (P1.T1) (B.Barnaky),f,,,,,,,
0022300001,11,19,1,629.0,1610612754,1626167,Turnover,Lost Ball,Turner Lost Ball Turnover (P1.T1),f,,,,,,,
0022300001,12,19,1,629.0,1610612739,1628386,,,Allen STEAL (1 STL),f,,,,,,,
0022300001,13,22,1,625.0,1610612739,1628378,Made Shot,Running Jump Shot,Mitchell 26' 3PT Running Jump Shot (5 PTS) (Garland 2 AST),t,Made,3,26.0,-141.0,216.0,5,5
0022300001,14,24,1,614.0,1610612754,1626167,Made Shot,Jump Shot,Turner 26' 3PT Jump Shot (5 PTS) (Mathurin 1 AST),t,Made,3,26.0,-50.0,253.0,8,5
0022300001,15,26,1,603.0,1610612739,1630596,Missed Shot,Pullup Jump shot,MISS Mobley 16' Pullup Jump Shot,t,Missed,2,16.0,142.0,66.0,,
0022300001,16,27,1,599.0,1610612754,1630169,Rebound,Unknown,Haliburton REBOUND (Off:0 Def:1),f,,,,,,,
0022300001,17,28,1,589.0,1610612754,1631097,Missed Shot,Step Back Jump shot,MISS Mathurin 17' Step Back Jump Shot,t,Missed,2,17.0,-148.0,90.0,,
0022300001,18,29,1,587.0,1610612739,1628386,Rebound,Unknown,Allen REBOUND (Off:0 Def:1),f,,,,,,,
0022300001,19,30,1,581.0,1610612739,1628378,Turnover,Lost Ball,Mitchell Lost Ball Turnover (P1.T1),f,,,,,,,
0022300001,20,30,1,581.0,1610612754,1626167,,,Turner STEAL (1 STL),f,,,,,,,
0022300001,21,32,1,576.0,1610612754,1631097,Missed Shot,Running Layup Shot,MISS Mathurin 3' Running Layup,t,Missed,2,3.0,-16.0,31.0,,
0022300001,22,34,1,576.0,,1610612754,Rebound,Unknown,PACERS Rebound,f,,,,,,,
0022300001,23,36,1,569.0,1610612739,1628386,Foul,Shooting,Allen S.FOUL (P1.T2) (B.Barnaky),f,,,,,,,
0022300001,24,38,1,569.0,1610612754,1626167,Free Throw,Free Throw 1 of 2,Turner Free Throw 1 of 2 (6 PTS),f,,,,,,9,5
0022300001,25,39,1,569.0,1610612754,1626167,Free Throw,Free Throw 2 of 2,Turner Free Throw 2 of 2 (7 PTS),f,,,,,,10,5
0022300001,26,40,1,560.0,1610612739,1629622,Missed Shot,Jump Shot,MISS Strus 27' 3PT Jump Shot,t,Missed,3,27.0,116.0,242.0,,
0022300001,27,41,1,556.0,1610612754,1628971,Rebound,Unknown,Brown REBOUND (Off:1 Def:1),f,,,,,,,
0022300001,28,42,1,551.0,1610612754,1628971,Made Shot,Running Finger Roll Layup Shot,Brown 4' Running Finger Roll Layup (2 PTS),t,Made,2,4.0,34.0,10.0,12,5
0022300001,29,43,1,540.0,1610612739,1628386,Made Shot,Alley Oop Dunk Shot,Allen 2' Alley Oop Dunk (2 PTS) (Garland 3 AST),t,Made,2,2.0,-17.0,6.0,12,7
0022300001,30,45,1,521.0,1610612754,1628971,Made Shot,Jump Shot,Brown 25' 3PT Jump Shot (5 PTS) (Mathurin 2 AST),t,Made,3,25.0,105.0,230.0,15,7
0022300001,31,47,1,510.0,1610612739,1628378,Made Shot,Pullup Jump shot,Mitchell 17' Pullup Jump Shot (7 PTS),t,Made,2,17.0,50.0,162.0,15,9
0022300001,32,48,1,490.0,1610612754,1628971,Made Shot,Driving Finger Roll Layup Shot,Brown 3' Driving Finger Roll Layup (7 PTS) (Toppin 1 AST),t,Made,2,3.0,-17.0,23.0,17,9
0022300001,33,50,1,490.0,,1610612739,Timeout,Regular,Cavaliers Timeout: Regular (Reg.1 Short 0),f,,,,,,,
0022300001,34,51,1,480.0,1610612739,1629636,Missed Shot,Pullup Jump shot,MISS Garland 26' 3PT Pullup Jump Shot,t,Missed,3,26.0,17.0,257.0,,
0022300001,35,52,1,476.0,1610612739,1628386,Rebound,Unknown,Allen REBOUND (Off:1 Def:1),f,,,,,,,
0022300001,36,53,1,473.0,1610612739,1628386,Made Shot,Alley Oop Layup shot,Allen 2' Alley Oop Layup (4 PTS) (Garland 4 AST),t,Made,2,2.0,4.0,24.0,17,11
0022300001,37,55,1,448.0,1610612754,1626167,Missed Shot,Layup Shot,MISS Turner 3' Layup,t,Missed,2,3.0,-26.0,23.0,,
0022300001,38,56,1,445.0,1610612754,1631097,Rebound,Unknown,Mathurin REBOUND (Off:1 Def:0),f,,,,,,,
0022300001,39,57,1,444.0,1610612754,1630169,Missed Shot,Jump Shot,MISS Haliburton 27' 3PT Jump Shot,t,Missed,3,27.0,-129.0,239.0,,
0022300001,40,58,1,441.0,1610612739,1629622,Rebound,Unknown,Strus REBOUND (Off:0 Def:1),f,,,,,,,
