game_id,period,clock_seconds,team_id,player_id,player_name,shot_value,shot_distance,x,y,made
0022300001,1,701.0,1610612754,1626167,Turner,2,2.0,2.0,21.0,t
0022300001,1,683.0,1610612739,1630596,Mobley,2,8.0,59.0,53.0,f
0022300001,1,675.0,1610612754,1628971,Brown,2,2.0,13.0,18.0,f
0022300001,1,669.0,1610612754,1631097,Mathurin,3,28.0,151.0,237.0,t
0022300001,1,656.0,1610612739,1628378,Mitchell,2,2.0,-20.0,1.0,t
0022300001,1,625.0,1610612739,1628378,Mitchell,3,26.0,-141.0,216.0,t
0022300001,1,614.0,1610612754,1626167,Turner,3,26.0,-50.0,253.0,t
0022300001,1,603.0,1610612739,1630596,Mobley,2,16.0,142.0,66.0,f
0022300001,1,589.0,1610612754,1631097,Mathurin,2,17.0,-148.0,90.0,f
0022300001,1,576.0,1610612754,1631097,Mathurin,2,3.0,-16.0,31.0,f
0022300001,1,560.0,1610612739,1629622,Strus,3,27.0,116.0,242.0,f
0022300001,1,551.0,1610612754,1628971,Brown,2,4.0,34.0,10.0,t
0022300001,1,540.0,1610612739,1628386,Allen,2,2.0,-17.0,6.0,t
0022300001,1,521.0,1610612754,1628971,Brown,3,25.0,105.0,230.0,t
0022300001,1,510.0,1610612739,1628378,Mitchell,2,17.0,50.0,162.0,t
0022300001,1,490.0,1610612754,1628971,Brown,2,3.0,-17.0,23.0,t
0022300001,1,480.0,1610612739,1629636,Garland,3,26.0,17.0,257.0,f
0022300001,1,473.0,1610612739,1628386,Allen,2,2.0,4.0,24.0,t
0022300001,1,448.0,1610612754,1626167,Turner,2,3.0,-26.0,23.0,f
0022300001,1,444.0,1610612754,1630169,Haliburton,3,27.0,-129.0,239.0,f
0022300001,1,436.0,1610612739,1629636,Garland,2,20.0,-105.0,169.0,f
0022300001,1,410.0,1610612739,1628378,Mitchell,2,13.0,-86.0,92.0,f
0022300001,1,406.0,1610612739,1630596,Mobley,2,0.0,0.0,0.0,f
0022300001,1,396.0,1610612754,1628971,Brown,3,0.0,-224.0,39.0,f
0022300001,1,382.0,1610612754,1630169,Haliburton,2,9.0,-85.0,42.0,f
